{
  "rows_degree": 388,
  "rows_gei": 363,
  "targets": {
    "d10": {
      "best_production_model": "gradient_boosting",
      "candidate_metrics": {
        "extra_trees": {
          "train": {
            "mae": 2.7687930341939405e-14,
            "rmse": 3.8020980720605206e-14,
            "r2": 1.0,
            "max_abs_error": 1.234568003383174e-13,
            "exact_0p01_rate": 1.0
          },
          "cv": {
            "mae": 0.14048438880707298,
            "rmse": 0.2532303951053411,
            "r2": 0.9609098709377653,
            "max_abs_error": 1.5705142857142769,
            "exact_0p01_rate": 0.16494845360824742
          }
        },
        "random_forest": {
          "train": {
            "mae": 0.06810072164948708,
            "rmse": 0.11909824509211284,
            "r2": 0.9913533841719787,
            "max_abs_error": 0.685370000000006,
            "exact_0p01_rate": 0.1056701030927835
          },
          "cv": {
            "mae": 0.20460445876288796,
            "rmse": 0.35495118122836655,
            "r2": 0.9231979715186417,
            "max_abs_error": 2.569199999999997,
            "exact_0p01_rate": 0.030927835051546393
          }
        },
        "gradient_boosting": {
          "train": {
            "mae": 0.014674931173071832,
            "rmse": 0.01896152150136406,
            "r2": 0.9997808296481563,
            "max_abs_error": 0.06901925572649925,
            "exact_0p01_rate": 0.24742268041237114
          },
          "cv": {
            "mae": 0.13611280170000079,
            "rmse": 0.2493313495541788,
            "r2": 0.9621043627433753,
            "max_abs_error": 1.7948605529545734,
            "exact_0p01_rate": 0.07989690721649484
          }
        },
        "svr_rbf": {
          "train": {
            "mae": 0.00865300905658501,
            "rmse": 0.00909446499113381,
            "r2": 0.9999495815198218,
            "max_abs_error": 0.010483863277223615,
            "exact_0p01_rate": 0.14175257731958762
          },
          "cv": {
            "mae": 0.139371086371961,
            "rmse": 0.40474444656168085,
            "r2": 0.900138695206078,
            "max_abs_error": 3.744018313012104,
            "exact_0p01_rate": 0.1134020618556701
          }
        },
        "kernel_ridge_rbf": {
          "train": {
            "mae": 0.02837165588087475,
            "rmse": 0.039972222118637234,
            "r2": 0.9990260155501395,
            "max_abs_error": 0.13603209905136193,
            "exact_0p01_rate": 0.18041237113402062
          },
          "cv": {
            "mae": 0.918460030241194,
            "rmse": 1.37530435029473,
            "r2": -0.15300999643925906,
            "max_abs_error": 4.672365350860787,
            "exact_0p01_rate": 0.028350515463917526
          }
        },
        "knn_distance": {
          "train": {
            "mae": 8.431860008378136e-09,
            "rmse": 1.8175669792680435e-08,
            "r2": 0.9999999999999998,
            "max_abs_error": 1.1628002649644031e-07,
            "exact_0p01_rate": 1.0
          },
          "cv": {
            "mae": 0.2145142653757173,
            "rmse": 0.3153184262793075,
            "r2": 0.9393914156951334,
            "max_abs_error": 1.5000000000000002,
            "exact_0p01_rate": 0.15721649484536082
          }
        },
        "stacking_ensemble": {
          "train": {
            "mae": 0.44092398110493264,
            "rmse": 0.6676251568643466,
            "r2": 0.7282930013464128,
            "max_abs_error": 4.314769414603673,
            "exact_0p01_rate": 0.005154639175257732
          },
          "cv": {
            "mae": 0.4293153182481383,
            "rmse": 0.7178417934055725,
            "r2": 0.685881931280306,
            "max_abs_error": 5.423293317729166,
            "exact_0p01_rate": 0.03608247422680412
          }
        }
      },
      "oracle_train": {
        "mae": 1.044410835021088e-17,
        "rmse": 6.077022548692925e-17,
        "r2": 1.0,
        "max_abs_error": 4.440892098500626e-16,
        "exact_0p01_rate": 1.0
      }
    },
    "d20": {
      "best_production_model": "svr_rbf",
      "candidate_metrics": {
        "extra_trees": {
          "train": {
            "mae": 3.572861508367877e-14,
            "rmse": 4.405873817617534e-14,
            "r2": 1.0,
            "max_abs_error": 1.163513729807164e-13,
            "exact_0p01_rate": 1.0
          },
          "cv": {
            "mae": 0.18820403166421745,
            "rmse": 0.2851774268296314,
            "r2": 0.9074135317372028,
            "max_abs_error": 1.524692857142857,
            "exact_0p01_rate": 0.15979381443298968
          }
        },
        "random_forest": {
          "train": {
            "mae": 0.07962662371133954,
            "rmse": 0.12101993023537697,
            "r2": 0.9833263368835868,
            "max_abs_error": 0.7144399999999976,
            "exact_0p01_rate": 0.08247422680412371
          },
          "cv": {
            "mae": 0.23673525773195722,
            "rmse": 0.3504090312284983,
            "r2": 0.8602126706205568,
            "max_abs_error": 1.8535399999999989,
            "exact_0p01_rate": 0.007731958762886598
          }
        },
        "gradient_boosting": {
          "train": {
            "mae": 0.018855716208857995,
            "rmse": 0.024541024721895673,
            "r2": 0.9993143497922551,
            "max_abs_error": 0.09146671825779729,
            "exact_0p01_rate": 0.19329896907216496
          },
          "cv": {
            "mae": 0.161780203202797,
            "rmse": 0.24460233522514005,
            "r2": 0.9318856802169563,
            "max_abs_error": 1.7031784517713546,
            "exact_0p01_rate": 0.061855670103092786
          }
        },
        "svr_rbf": {
          "train": {
            "mae": 0.008882973668620633,
            "rmse": 0.009259192071690384,
            "r2": 0.9999023969447866,
            "max_abs_error": 0.010482040182669294,
            "exact_0p01_rate": 0.11597938144329897
          },
          "cv": {
            "mae": 0.09851277061590115,
            "rmse": 0.24358205700860935,
            "r2": 0.9324527280966277,
            "max_abs_error": 1.7508390415818433,
            "exact_0p01_rate": 0.12371134020618557
          }
        },
        "kernel_ridge_rbf": {
          "train": {
            "mae": 0.03499256232726346,
            "rmse": 0.04380275421159711,
            "r2": 0.9978156608809654,
            "max_abs_error": 0.12640776697484046,
            "exact_0p01_rate": 0.0979381443298969
          },
          "cv": {
            "mae": 1.1012980409934738,
            "rmse": 1.4769567669934114,
            "r2": -1.4834349684811694,
            "max_abs_error": 4.339999998737165,
            "exact_0p01_rate": 0.010309278350515464
          }
        },
        "knn_distance": {
          "train": {
            "mae": 9.885957449712724e-09,
            "rmse": 2.27373369150102e-08,
            "r2": 0.9999999999999994,
            "max_abs_error": 1.513473950609523e-07,
            "exact_0p01_rate": 1.0
          },
          "cv": {
            "mae": 0.26279039318094943,
            "rmse": 0.38882445760796924,
            "r2": 0.8278827590269887,
            "max_abs_error": 1.7705697996816157,
            "exact_0p01_rate": 0.16752577319587628
          }
        },
        "stacking_ensemble": {
          "train": {
            "mae": 0.038685374892137754,
            "rmse": 0.05863520309471527,
            "r2": 0.9960858803844634,
            "max_abs_error": 0.3794186618290998,
            "exact_0p01_rate": 0.05154639175257732
          },
          "cv": {
            "mae": 0.0985759911762873,
            "rmse": 0.19474332112831816,
            "r2": 0.9568240034523116,
            "max_abs_error": 1.5531411625958347,
            "exact_0p01_rate": 0.18814432989690721
          }
        }
      },